﻿Name;Größe;Vorname;Nachname;Downloads;Datum;Pfad
Task02_maljammal.ipynb;15038;Mohamad;Aljammal;1;"11.05.2023 04:09";Task02_maljammal.ipynb
"Task02_Pauline A..ipynb";14175;Pauline;Althoff;1;"17.05.2023 10:08";"Task02_Pauline A..ipynb"
Task02.pdf;147727;Shanza;Amber;1;"21.05.2023 22:04";Task02.pdf
"Sadaf Amirmaki 02.ipynb";14675;Sadaf;Amirmaki;1;"21.05.2023 23:34";"Sadaf Amirmaki 02.ipynb"
Task02.ipynb;14123;Lisa;Artmann;1;"06.05.2023 14:59";Task02.ipynb
task02_faurand.ipynb;13990;Fynn;Aurand;1;"08.05.2023 14:07";task02_faurand.ipynb
Task02_Updated[12].ipynb;13926;"Mohammad Hossein";Bakhshandeh;1;"21.05.2023 22:41";Task02_Updated[12].ipynb
Task02_Muazzez_Deniz_Barut.ipynb;16108;"Muazzez Deniz";Barut;1;"21.05.2023 18:35";Task02_Muazzez_Deniz_Barut.ipynb
Task02_Updated(1)[3].ipynb;14564;Nina;Beckers;1;"21.05.2023 21:05";Task02_Updated(1)[3].ipynb
Task02_lbensalah.ipynb;13810;Lilia;"Ben Salah";1;"20.05.2023 10:38";Task02_lbensalah.ipynb
Task02_felboehm.ipynb;16127;Felix;Böhm;1;"09.05.2023 16:30";Task02_felboehm.ipynb
Krishnendu_Bose_Task02.ipynb;14862;Krishnendu;Bose;1;"21.05.2023 23:27";Krishnendu_Bose_Task02.ipynb
Task02-ebossow.ipynb;14902;Erik;Bossow;1;"09.05.2023 15:02";Task02-ebossow.ipynb
AssignmentTask02.ipynb;14131;Maxine;Breede;1;"19.05.2023 11:25";AssignmentTask02.ipynb
Task02_Updated[3].ipynb;14642;Dominik;Brockmann;1;"14.05.2023 18:32";Task02_Updated[3].ipynb
Task02_jbufler.ipynb;14039;Jule;Bufler;1;"13.05.2023 22:28";Task02_jbufler.ipynb
Task02_Paulina_Calderon.ipynb;13260;"Jewell Paulina";"Calderon Ramos";1;"21.05.2023 22:02";Task02_Paulina_Calderon.ipynb
LALECAN_Task02_Updated.ipynb;16525;Lale;Can;1;"18.05.2023 23:42";LALECAN_Task02_Updated.ipynb
Task02_Updated_scapar.ipynb;15416;"Sila Sevi";Capar;1;"18.05.2023 23:32";Task02_Updated_scapar.ipynb
Task02_Updated[14].ipynb;15303;"David Raul";"Carranza Navarrete";1;"21.05.2023 23:44";Task02_Updated[14].ipynb
Task02_Updated[2].ipynb;14763;"Se Eun";Choi;1;"11.05.2023 20:21";Task02_Updated[2].ipynb
Task02_Updated[7].ipynb;13612;Susanna;Christ;1;"20.05.2023 15:04";Task02_Updated[7].ipynb
Task02_Dahl_Keaton_Done.ipynb;14849;Keaton;Dahl;1;"20.05.2023 11:55";Task02_Dahl_Keaton_Done.ipynb
"Task02_Updated (1)[3].ipynb";14342;Sharareh;Daneshvar;1;"21.05.2023 20:11";"Task02_Updated (1)[3].ipynb"
"Task02 Eduardo Dapelo del Campo.ipynb";14913;Eduardo;"Dapelo del Campo";1;"08.05.2023 19:45";"Task02 Eduardo Dapelo del Campo.ipynb"
Task02_LuizDeArruda[2].ipynb;15981;"Luiz Fernando";"De Arruda";1;"21.05.2023 07:56";Task02_LuizDeArruda[2].ipynb
Task02_Updated[10].ipynb;14538;"Ada Charlotte";"De Jongh";1;"21.05.2023 14:40";Task02_Updated[10].ipynb
Task02_Updated[9].ipynb;14409;"Ada Charlotte";"De Jongh";1;"21.05.2023 14:37";Task02_Updated[9].ipynb
Task02_Updated[13].ipynb;12540;Fynn;Drobietz;1;"21.05.2023 23:25";Task02_Updated[13].ipynb
Task02[6].ipynb;14559;Anita;Dymov;1;"08.05.2023 19:56";Task02[6].ipynb
"Task02 - Münevver Simay Erikoğlu.ipynb";15134;"Münevver Simay";Erikoglu;1;"21.05.2023 12:00";"Task02 - Münevver Simay Erikoğlu.ipynb"
Task02[16].ipynb;14708;Mitra;"Faraji Mashaallah";1;"16.05.2023 19:32";Task02[16].ipynb
Task02_LenaFaske.ipynb;15445;Lena;Faske;1;"08.05.2023 10:55";Task02_LenaFaske.ipynb
Task02[9].ipynb;15022;Leona;Feierabend;1;"09.05.2023 13:26";Task02[9].ipynb
Task02-Figlia.ipynb;14176;Martina;Figlia;1;"07.05.2023 13:18";Task02-Figlia.ipynb
Task02_cfrenzel.ipynb;14696;Cora;Frenzel;1;"09.05.2023 19:47";Task02_cfrenzel.ipynb
"Task02_Updated Alina Furch.ipynb";17768;Alina;Furch;1;"17.05.2023 15:27";"Task02_Updated Alina Furch.ipynb"
Task02_JGander.ipynb;14251;Jorik;Gander;1;"14.05.2023 20:07";Task02_JGander.ipynb
Task02_Updated[11].ipynb;13653;Lukas;Gruber;1;"21.05.2023 20:59";Task02_Updated[11].ipynb
"mgudkova_Task02 (1).ipynb";13633;Mariia;Gudkova;1;"10.05.2023 10:59";"mgudkova_Task02 (1).ipynb"
Task02_saguenther.ipynb;15328;Sara;Günther;1;"12.05.2023 12:34";Task02_saguenther.ipynb
agushoff_Task02.ipynb;14854;Alexa;Gushoff;1;"20.05.2023 17:01";agushoff_Task02.ipynb
Task02_FenjaHagenbrock.ipynb;13801;Fenja;Hagenbrock;1;"11.05.2023 13:48";Task02_FenjaHagenbrock.ipynb
Task02_ehodzic.ipynb;15029;Esma;Hodžić;1;"14.05.2023 15:03";Task02_ehodzic.ipynb
Task02_Updated[5].ipynb;14579;Sajjad;Homayouni;1;"16.05.2023 15:45";Task02_Updated[5].ipynb
Task02_ihovemann.ipynb;14832;Ilva;Hovemann;1;"09.05.2023 17:30";Task02_ihovemann.ipynb
Task02_StellaHoyosTrueba.ipynb;14271;Stella;"Hoyos Trueba";1;"10.05.2023 10:52";Task02_StellaHoyosTrueba.ipynb
Task02[7].ipynb;14165;"Dora Rosalie";Kaiser;1;"09.05.2023 11:05";Task02[7].ipynb
Task02_GK.ipynb;15485;"Grzegorz Mateusz";Kallas;1;"11.05.2023 02:49";Task02_GK.ipynb
Task02[18].ipynb;14217;Louis;Kapp;1;"17.05.2023 13:32";Task02[18].ipynb
Almira_Kara_task02_updated.ipynb;16682;Almira;Kara;1;"11.05.2023 12:40";Almira_Kara_task02_updated.ipynb
Task02_LauraKinderknecht.ipynb;14422;Laura;Kinderknecht;1;"08.05.2023 17:29";Task02_LauraKinderknecht.ipynb
Task02_Marius_Lange_1002799.ipynb;15028;Marius;Lange;1;"09.05.2023 16:07";Task02_Marius_Lange_1002799.ipynb
Task02_Anna_Joline_Lippold.ipynb;14386;"Anna Joline";Lippold;1;"06.05.2023 10:36";Task02_Anna_Joline_Lippold.ipynb
Task02_Lutter.ipynb;14617;Konstantin;Lutter;1;"09.05.2023 13:59";Task02_Lutter.ipynb
Task02[3].ipynb;14480;"Clive Tinashe";Marimo;1;"07.05.2023 17:27";Task02[3].ipynb
Task02_IolantaMartirosov[2].ipynb;14986;Iolanta;Martirosov;1;"17.05.2023 15:02";Task02_IolantaMartirosov[2].ipynb
Task02[5].ipynb;14171;Periklis;Maskanakis;1;"08.05.2023 16:55";Task02[5].ipynb
Task02_Updated.html;607711;Billy-Bob;Mattler;1;"19.05.2023 20:12";Task02_Updated.html
Task02[13].ipynb;14381;Hanna;Merkle;1;"11.05.2023 02:55";Task02[13].ipynb
"Task02_Updated (2).ipynb";15218;"Tilbe Nur";Minisker;1;"14.05.2023 14:33";"Task02_Updated (2).ipynb"
Task02[17].ipynb;13522;Gabriella;Mocanu;1;"17.05.2023 00:43";Task02[17].ipynb
Task02_Updated(1)[2].ipynb;14499;Lotta;Müller;1;"21.05.2023 16:12";Task02_Updated(1)[2].ipynb
Task02_chanagel.ipynb;15099;Chantal;Nagel;1;"21.05.2023 14:30";Task02_chanagel.ipynb
Task02.nnazari.ipynb;16700;Niloofar;Nazari;1;"14.05.2023 18:50";Task02.nnazari.ipynb
Task02_julianeidig.ipynb;14916;Julia;Neidig;1;"21.05.2023 19:54";Task02_julianeidig.ipynb
"Oberg, Nicole Task02.ipynb";14833;Nicole;Oberg;1;"21.05.2023 20:14";"Oberg, Nicole Task02.ipynb"
Task02_Wokajevo.ipynb;14823;Wilfred;Okajevo;1;"21.05.2023 21:48";Task02_Wokajevo.ipynb
Task02_Parajuli_Saru.ipynb;14908;Saru;Parajuli;1;"19.05.2023 11:25";Task02_Parajuli_Saru.ipynb
Task02_Updated[3].html;671701;Hardika;Potey;1;"21.05.2023 11:54";Task02_Updated[3].html
Task02_Miguel_Ángel_Prieto-Castellanos.ipynb;15957;"Miguel Angel";"Prieto Castellanos";1;"19.05.2023 23:18";Task02_Miguel_Ángel_Prieto-Castellanos.ipynb
Task02[21].ipynb;14737;Simon;Rebers;1;"21.05.2023 20:59";Task02[21].ipynb
Task02[10].ipynb;14650;Klara;Rohrberg;1;"09.05.2023 13:51";Task02[10].ipynb
Task02[12].ipynb;14602;Klara;Rohrberg;1;"09.05.2023 20:42";Task02[12].ipynb
Task02_jryglewicz.ipynb;14202;"Jessica Diana";Ryglewicz;1;"20.05.2023 10:25";Task02_jryglewicz.ipynb
Task02_Sazykina.ipynb;14798;Valeriia;Sazykina;1;"15.05.2023 22:47";Task02_Sazykina.ipynb
Task02_sasschaefer[2].ipynb;13185;Saskia;Schäfer;1;"18.05.2023 14:13";Task02_sasschaefer[2].ipynb
Task02_Updated[6].ipynb;15037;Sarina;Scheerhorn;1;"19.05.2023 15:08";Task02_Updated[6].ipynb
aschleyerbac_Task02.ipynb;14645;Aurica;Schleyerbach;1;"21.05.2023 19:09";aschleyerbac_Task02.ipynb
Task02_martschmidt.ipynb;14471;Marten;Schmidt;1;"07.05.2023 13:49";Task02_martschmidt.ipynb
"Task02_Updated (1).ipynb";15198;Lara;Schunck;1;"19.05.2023 18:14";"Task02_Updated (1).ipynb"
Task02[15].ipynb;14386;Leonard;Schwanke;1;"16.05.2023 17:11";Task02[15].ipynb
Task02_JSpeck.ipynb;14552;Jakob;Speck;1;"17.05.2023 16:22";Task02_JSpeck.ipynb
Task02[20].ipynb;14346;Susanne;Stark;1;"21.05.2023 19:51";Task02[20].ipynb
Task02_Updated.ipynb;13985;Joshua;Stock;1;"10.05.2023 15:53";Task02_Updated.ipynb
"Task02_Updated (Surma).ipynb";13265;Nastassia;Surma;1;"21.05.2023 14:26";"Task02_Updated (Surma).ipynb"
Task02[11].ipynb;13273;"Seyed Arman";"Taghizadeh Motlagh";1;"09.05.2023 14:08";Task02[11].ipynb
Task02_LauraTiemann.ipynb;14944;Laura;Tiemann;1;"08.05.2023 13:58";Task02_LauraTiemann.ipynb
Task02[19].ipynb;13483;Claudius;Trebing;1;"19.05.2023 17:53";Task02[19].ipynb
Task02-5.ipynb;15140;Kerli;Tulva;1;"08.05.2023 22:48";Task02-5.ipynb
Copy_of_Task02.ipynb;18668;Waldo;Ungerer;1;"07.05.2023 16:45";Copy_of_Task02.ipynb
Task02[2].ipynb;17574;Johannes;Voth;1;"07.05.2023 15:50";Task02[2].ipynb
Task02_MWilczek.ipynb;14711;Meret;Wilczek;1;"10.05.2023 14:13";Task02_MWilczek.ipynb
"Task02_Updated (1)[2].ipynb";13328;Victoria;Williams;1;"20.05.2023 19:40";"Task02_Updated (1)[2].ipynb"
Task02_solution_lawitt.ipynb;14412;Lara-Sophie;Witt;1;"09.05.2023 18:29";Task02_solution_lawitt.ipynb
Task02[14].ipynb;14817;Mahsa;"Zand khaneh shahri";1;"11.05.2023 21:32";Task02[14].ipynb
Zeitouni_02[2].ipynb;13435;Ribal;Zeitouni;1;"12.05.2023 11:33";Zeitouni_02[2].ipynb
