﻿Name;Größe;Vorname;Nachname;Downloads;Datum;Pfad
Task07_maljammal.ipynb;15676;Mohamad;Aljammal;1;"07.06.2023 21:38";Task07_maljammal.ipynb
"Task07 Pauline Althoff.ipynb";15108;Pauline;Althoff;1;"19.06.2023 01:26";"Task07 Pauline Althoff.ipynb"
Task07[30].ipynb;13762;Maedeh;Amini;1;"19.06.2023 09:57";Task07[30].ipynb
"Sadaf Amirmaki 07.ipynb";12355;Sadaf;Amirmaki;1;"19.06.2023 04:03";"Sadaf Amirmaki 07.ipynb"
Task07[4].ipynb;12684;Lisa;Artmann;1;"11.06.2023 13:06";Task07[4].ipynb
Task07[37].ipynb;13692;"Mohammad Hossein";Bakhshandeh;1;"19.06.2023 11:45";Task07[37].ipynb
Task07[32].ipynb;14617;Nina;Beckers;1;"19.06.2023 10:00";Task07[32].ipynb
Task07_lbensalah.ipynb;14594;Lilia;"Ben Salah";1;"18.06.2023 19:09";Task07_lbensalah.ipynb
Task07[7].ipynb;12751;Luca;Bialek;1;"12.06.2023 20:48";Task07[7].ipynb
Krishnendu_Bose_Task07.ipynb;12883;Krishnendu;Bose;1;"18.06.2023 04:25";Krishnendu_Bose_Task07.ipynb
Task07-ebossow.ipynb;12878;Erik;Bossow;1;"13.06.2023 10:50";Task07-ebossow.ipynb
AssignmentTask07.ipynb;13257;Maxine;Breede;1;"16.06.2023 13:05";AssignmentTask07.ipynb
Task07[23].ipynb;13133;Dominik;Brockmann;1;"18.06.2023 16:33";Task07[23].ipynb
Task07_jbufler.ipynb;13212;Jule;Bufler;1;"09.06.2023 17:51";Task07_jbufler.ipynb
LaleCAN_Task07.ipynb;13628;Lale;Can;1;"18.06.2023 02:10";LaleCAN_Task07.ipynb
Task07_scapar.ipynb;14865;"Sila Sevi";Capar;1;"19.06.2023 03:36";Task07_scapar.ipynb
Task07[25].ipynb;14813;"Mariana Paulina";"Castillo Hermosilla";1;"18.06.2023 20:08";Task07[25].ipynb
Task07_sol.ipynb;14560;"Se Eun";Choi;1;"08.06.2023 19:49";Task07_sol.ipynb
Task07-2.ipynb;15215;Susanna;Christ;1;"14.06.2023 13:56";Task07-2.ipynb
"Task07 DAHL_Keaton_Done.ipynb";14699;Keaton;Dahl;1;"18.06.2023 10:57";"Task07 DAHL_Keaton_Done.ipynb"
Task07[17].ipynb;17722;Sharareh;Daneshvar;1;"16.06.2023 12:55";Task07[17].ipynb
Task07EduardoDapelodelCampo.ipynb;11809;Eduardo;"Dapelo del Campo";1;"15.06.2023 09:19";Task07EduardoDapelodelCampo.ipynb
Task07[27].ipynb;15542;"Ada Charlotte";"De Jongh";1;"19.06.2023 03:26";Task07[27].ipynb
Task07[28].ipynb;10537;Fynn;Drobietz;1;"19.06.2023 06:42";Task07[28].ipynb
Task07[6].ipynb;14688;Anita;Dymov;1;"12.06.2023 20:29";Task07[6].ipynb
Task07[36].ipynb;14697;"Münevver Simay";Erikoglu;1;"19.06.2023 11:45";Task07[36].ipynb
Task07[16].ipynb;16323;Mitra;"Faraji Mashaallah";1;"16.06.2023 12:47";Task07[16].ipynb
Task07_lfaske.ipynb;15332;Lena;Faske;1;"15.06.2023 09:00";Task07_lfaske.ipynb
Task07[8].ipynb;12757;Leona;Feierabend;1;"13.06.2023 18:04";Task07[8].ipynb
Task07-mfiglia.ipynb;14620;Martina;Figlia;1;"09.06.2023 17:49";Task07-mfiglia.ipynb
Task07_cfrenzel.ipynb;15103;Cora;Frenzel;1;"16.06.2023 18:48";Task07_cfrenzel.ipynb
"Task07 (1) Alina Furch.ipynb";12963;Alina;Furch;1;"19.06.2023 11:31";"Task07 (1) Alina Furch.ipynb"
Task07Gander.ipynb;14874;Jorik;Gander;1;"10.06.2023 22:50";Task07Gander.ipynb
"Task07 son.ipynb";14676;"Arda Utku";Gezgin;1;"19.06.2023 12:07";"Task07 son.ipynb"
Task07[22].ipynb;1675928;Lukas;Gruber;1;"18.06.2023 11:16";Task07[22].ipynb
"Task07_mgudkova (1).ipynb";15724;Mariia;Gudkova;1;"13.06.2023 22:57";"Task07_mgudkova (1).ipynb"
Task07_saguenther.ipynb;16039;Sara;Günther;1;"18.06.2023 18:30";Task07_saguenther.ipynb
agushoff_Task07.ipynb;15717;Alexa;Gushoff;1;"18.06.2023 21:31";agushoff_Task07.ipynb
Task07_FenjaHagenbrock.ipynb;15174;Fenja;Hagenbrock;1;"13.06.2023 12:00";Task07_FenjaHagenbrock.ipynb
Task07_ehodzic.ipynb;14778;Esma;Hodžić;1;"07.06.2023 23:04";Task07_ehodzic.ipynb
Task07_ihovemann.ipynb;14535;Ilva;Hovemann;1;"15.06.2023 09:23";Task07_ihovemann.ipynb
Task07_StellaHoyosTrueba.ipynb;13094;Stella;"Hoyos Trueba";1;"13.06.2023 16:29";Task07_StellaHoyosTrueba.ipynb
Task07[38].ipynb;14620;Justin;Jupe;1;"19.06.2023 12:03";Task07[38].ipynb
Task07[2].ipynb;15578;"Dora Rosalie";Kaiser;1;"10.06.2023 13:27";Task07[2].ipynb
Task07_GK.ipynb;12856;"Grzegorz Mateusz";Kallas;1;"15.06.2023 23:00";Task07_GK.ipynb
Task07[26].ipynb;12874;Louis;Kapp;1;"18.06.2023 23:33";Task07[26].ipynb
task07_Almira_Kara_updated.ipynb;14674;Almira;Kara;1;"13.06.2023 12:55";task07_Almira_Kara_updated.ipynb
Task07_LauraKinderknecht.ipynb;14624;Laura;Kinderknecht;1;"09.06.2023 14:29";Task07_LauraKinderknecht.ipynb
Task07_Marius_Lange_1002799.ipynb;14917;Marius;Lange;1;"11.06.2023 12:02";Task07_Marius_Lange_1002799.ipynb
Task07[34].ipynb;14896;Lucas;Liess-Duquesne;1;"19.06.2023 11:05";Task07[34].ipynb
Task07_Lutter.ipynb;13411;Konstantin;Lutter;1;"13.06.2023 09:43";Task07_Lutter.ipynb
Task07[10].ipynb;14639;"Clive Tinashe";Marimo;1;"14.06.2023 07:05";Task07[10].ipynb
Task07_IolantaMartirosov.ipynb;14315;Iolanta;Martirosov;1;"18.06.2023 11:15";Task07_IolantaMartirosov.ipynb
Task07[35].ipynb;11378;Periklis;Maskanakis;1;"19.06.2023 11:22";Task07[35].ipynb
"Task07 (1)[3].ipynb";10428;Billy-Bob;Mattler;1;"18.06.2023 11:55";"Task07 (1)[3].ipynb"
Task07[3].ipynb;15607;Hanna;Merkle;1;"11.06.2023 10:50";Task07[3].ipynb
"Task07 (1).ipynb";14685;"Tilbe Nur";Minisker;1;"13.06.2023 12:43";"Task07 (1).ipynb"
Task07[31].ipynb;10362;Gabriella;Mocanu;1;"19.06.2023 09:59";Task07[31].ipynb
Task07_chanagel[2].ipynb;15725;Chantal;Nagel;1;"19.06.2023 10:33";Task07_chanagel[2].ipynb
Task07.nnazari.ipynb;12367;Niloofar;Nazari;1;"19.06.2023 11:10";Task07.nnazari.ipynb
Task07_julianeidig.ipynb;15656;Julia;Neidig;1;"09.06.2023 15:32";Task07_julianeidig.ipynb
Task07_Parajuli_Saru.ipynb;14648;Saru;Parajuli;1;"18.06.2023 21:54";Task07_Parajuli_Saru.ipynb
Task07[2].html;650893;Hardika;Potey;1;"18.06.2023 14:45";Task07[2].html
Task07_Miguel_Angel_Prieto_Castellanos.ipynb;11503;"Miguel Angel";"Prieto Castellanos";1;"19.06.2023 11:51";Task07_Miguel_Angel_Prieto_Castellanos.ipynb
Task07[19].ipynb;13326;Simon;Rebers;1;"18.06.2023 10:45";Task07[19].ipynb
Task07[9].ipynb;13196;Klara;Rohrberg;1;"13.06.2023 18:39";Task07[9].ipynb
Task07_Sazykina.ipynb;15540;Valeriia;Sazykina;1;"16.06.2023 12:38";Task07_Sazykina.ipynb
Task07_SaskiaSchäfer.ipynb;14776;Saskia;Schäfer;1;"14.06.2023 13:52";Task07_SaskiaSchäfer.ipynb
Task07[18].ipynb;13327;Sarina;Scheerhorn;1;"16.06.2023 15:58";Task07[18].ipynb
Task07[24].ipynb;16059;Noah;Schepers;1;"18.06.2023 17:44";Task07[24].ipynb
aschleyerbac_Task07.ipynb;14689;Aurica;Schleyerbach;1;"18.06.2023 19:45";aschleyerbac_Task07.ipynb
Task07_martschmidt.ipynb;12926;Marten;Schmidt;1;"10.06.2023 21:30";Task07_martschmidt.ipynb
"Task07 (1)[2].ipynb";14416;Lara;Schunck;1;"16.06.2023 15:58";"Task07 (1)[2].ipynb"
Task07[5].ipynb;13032;Leonard;Schwanke;1;"12.06.2023 18:20";Task07[5].ipynb
Task07_JSpeck.ipynb;18595;Jakob;Speck;2;"11.06.2023 14:24";Task07_JSpeck.ipynb
Task07[33].ipynb;15198;Susanne;Stark;1;"19.06.2023 10:45";Task07[33].ipynb
Task07.ipynb;13118;Joshua;Stock;1;"08.06.2023 15:54";Task07.ipynb
"Task07 (Surma).ipynb";10540;Nastassia;Surma;1;"19.06.2023 11:06";"Task07 (Surma).ipynb"
Task07[12].ipynb;12905;"Seyed Arman";"Taghizadeh Motlagh";1;"14.06.2023 23:28";Task07[12].ipynb
"Task07_LauraTiemann (1).ipynb";15622;Laura;Tiemann;1;"14.06.2023 12:23";"Task07_LauraTiemann (1).ipynb"
Task07[11].ipynb;10489;Claudius;Trebing;1;"14.06.2023 18:45";Task07[11].ipynb
Task07-2-3.ipynb;13357;Kerli;Tulva;1;"12.06.2023 15:48";Task07-2-3.ipynb
Copy_of_Task07.ipynb;16631;Waldo;Ungerer;1;"18.06.2023 16:46";Copy_of_Task07.ipynb
Task07[13].ipynb;10534;Victoria;Williams;1;"15.06.2023 19:35";Task07[13].ipynb
Task07_solution_lawitt.ipynb;14625;Lara-Sophie;Witt;2;"12.06.2023 17:50";Task07_solution_lawitt.ipynb
Task07[20].ipynb;16447;Mahsa;"Zand khaneh shahri";1;"18.06.2023 10:52";Task07[20].ipynb
Zeitouni_07.ipynb;12844;Ribal;Zeitouni;1;"19.06.2023 02:20";Zeitouni_07.ipynb
