﻿Name;Größe;Vorname;Nachname;Downloads;Datum;Pfad
"Task05 Pauline Althoff.ipynb";23505;Pauline;Althoff;1;"05.06.2023 11:27";"Task05 Pauline Althoff.ipynb"
"Task05.ipynb - Colaboratory.pdf";268264;Shanza;Amber;1;"05.06.2023 06:42";"Task05.ipynb - Colaboratory.pdf"
Task05[34].ipynb;22184;Maedeh;Amini;1;"05.06.2023 07:06";Task05[34].ipynb
"Sadaf Amirmaki 05.ipynb";21158;Sadaf;Amirmaki;1;"05.06.2023 11:33";"Sadaf Amirmaki 05.ipynb"
Task05[2].ipynb;22028;Lisa;Artmann;1;"25.05.2023 15:26";Task05[2].ipynb
Task05[35].ipynb;25966;"Mohammad Hossein";Bakhshandeh;1;"05.06.2023 10:41";Task05[35].ipynb
Task05_Muazzez_Deniz_Barut.ipynb;22666;"Muazzez Deniz";Barut;1;"05.06.2023 09:50";Task05_Muazzez_Deniz_Barut.ipynb
Task05_lbensalah.ipynb;17589;Lilia;"Ben Salah";1;"02.06.2023 21:46";Task05_lbensalah.ipynb
Task05[18].ipynb;19524;Luca;Bialek;1;"02.06.2023 15:03";Task05[18].ipynb
Task05_felboehm.ipynb;23400;Felix;Böhm;1;"05.06.2023 11:20";Task05_felboehm.ipynb
Krishnendu_Bose_Task05[2].ipynb;22699;Krishnendu;Bose;1;"05.06.2023 07:41";Krishnendu_Bose_Task05[2].ipynb
Task05-ebossow.ipynb;21699;Erik;Bossow;1;"30.05.2023 11:06";Task05-ebossow.ipynb
AssignmentTask05.ipynb;23486;Maxine;Breede;1;"04.06.2023 11:04";AssignmentTask05.ipynb
Task05[24].ipynb;22561;Dominik;Brockmann;1;"04.06.2023 15:55";Task05[24].ipynb
Task05_jbufler.ipynb;21952;Jule;Bufler;1;"26.05.2023 21:48";Task05_jbufler.ipynb
Task05_Paulina_Calderon.ipynb;17365;"Jewell Paulina";"Calderon Ramos";1;"02.06.2023 18:11";Task05_Paulina_Calderon.ipynb
LaleCAN-Task05.ipynb;19480;Lale;Can;1;"01.06.2023 19:43";LaleCAN-Task05.ipynb
Task05_scapar.ipynb;21606;"Sila Sevi";Capar;1;"04.06.2023 01:40";Task05_scapar.ipynb
Task05[20].ipynb;22117;"Mariana Paulina";"Castillo Hermosilla";1;"03.06.2023 13:27";Task05[20].ipynb
Task05_solution.ipynb;21491;"Se Eun";Choi;1;"02.06.2023 14:26";Task05_solution.ipynb
Task05[13].ipynb;20375;Susanna;Christ;1;"30.05.2023 17:38";Task05[13].ipynb
"Task05 Dahl_Keaton_Done.ipynb";24162;Keaton;Dahl;1;"05.06.2023 10:49";"Task05 Dahl_Keaton_Done.ipynb"
Task05[30].ipynb;21025;Sharareh;Daneshvar;1;"04.06.2023 19:41";Task05[30].ipynb
"Task05 Eduardo Dapelo del Campo.ipynb";21017;Eduardo;"Dapelo del Campo";1;"01.06.2023 11:00";"Task05 Eduardo Dapelo del Campo.ipynb"
Task05_LuizDeArruda.ipynb;26315;"Luiz Fernando";"De Arruda";1;"05.06.2023 10:09";Task05_LuizDeArruda.ipynb
Task05[31].ipynb;22431;"Ada Charlotte";"De Jongh";1;"05.06.2023 00:05";Task05[31].ipynb
Task05[37].ipynb;17448;Fynn;Drobietz;1;"05.06.2023 12:04";Task05[37].ipynb
Task05[6].ipynb;21615;Anita;Dymov;1;"28.05.2023 15:38";Task05[6].ipynb
Task05[21].ipynb;22580;Mitra;"Faraji Mashaallah";1;"03.06.2023 17:27";Task05[21].ipynb
Task05_lfaske.ipynb;22017;Lena;Faske;1;"25.05.2023 11:59";Task05_lfaske.ipynb
Task05[9].ipynb;21730;Leona;Feierabend;1;"29.05.2023 16:34";Task05[9].ipynb
Task05-mfiglia.ipynb;22377;Martina;Figlia;1;"01.06.2023 12:47";Task05-mfiglia.ipynb
Task05_cfrenzel.ipynb;22018;Cora;Frenzel;1;"03.06.2023 20:31";Task05_cfrenzel.ipynb
"Task05 Alina Furch.ipynb";22212;Alina;Furch;1;"04.06.2023 20:54";"Task05 Alina Furch.ipynb"
Task05JorikGander.ipynb;22075;Jorik;Gander;1;"29.05.2023 12:23";Task05JorikGander.ipynb
Task05[10].ipynb;19502;"Arda Utku";Gezgin;1;"29.05.2023 17:28";Task05[10].ipynb
Task05[25].ipynb;17133;Lukas;Gruber;1;"04.06.2023 16:23";Task05[25].ipynb
Task05_mgudkova.ipynb;18714;Mariia;Gudkova;1;"05.06.2023 00:05";Task05_mgudkova.ipynb
Task05_saguenther.ipynb;21827;Sara;Günther;1;"30.05.2023 13:37";Task05_saguenther.ipynb
agushoff_Task05.ipynb;21263;Alexa;Gushoff;1;"03.06.2023 20:08";agushoff_Task05.ipynb
Task05_FenjaHagenbrock.ipynb;20323;Fenja;Hagenbrock;1;"30.05.2023 17:32";Task05_FenjaHagenbrock.ipynb
Task05[28].ipynb;21528;Sajjad;Homayouni;1;"04.06.2023 18:43";Task05[28].ipynb
Task05_ihovemann.ipynb;22608;Ilva;Hovemann;1;"01.06.2023 12:58";Task05_ihovemann.ipynb
Task05_StellaHoyosTrueba.ipynb;21769;Stella;"Hoyos Trueba";1;"30.05.2023 16:19";Task05_StellaHoyosTrueba.ipynb
Task05[4].ipynb;18155;"Dora Rosalie";Kaiser;1;"26.05.2023 09:12";Task05[4].ipynb
Task05_GK.ipynb;22448;"Grzegorz Mateusz";Kallas;1;"04.06.2023 18:01";Task05_GK.ipynb
Task05[23].ipynb;21526;Louis;Kapp;1;"04.06.2023 15:19";Task05[23].ipynb
Almira_Kara_Task05.ipynb;19477;Almira;Kara;1;"24.05.2023 23:12";Almira_Kara_Task05.ipynb
Task05_LauraKinderknecht.ipynb;22508;Laura;Kinderknecht;1;"28.05.2023 18:01";Task05_LauraKinderknecht.ipynb
Task05_Marius_Lange_1002799.ipynb;21982;Marius;Lange;1;"24.05.2023 18:04";Task05_Marius_Lange_1002799.ipynb
Task05[11].ipynb;21557;Lucas;Liess-Duquesne;1;"29.05.2023 17:44";Task05[11].ipynb
Task05_Anna_Joline_Lippold.ipynb;21677;"Anna Joline";Lippold;1;"05.06.2023 09:33";Task05_Anna_Joline_Lippold.ipynb
Task05_Lutter.ipynb;22833;Konstantin;Lutter;1;"31.05.2023 15:22";Task05_Lutter.ipynb
Task05[7].ipynb;21561;"Clive Tinashe";Marimo;1;"29.05.2023 08:09";Task05[7].ipynb
Task05_IolantaMartirosov.ipynb;16550;Iolanta;Martirosov;1;"04.06.2023 11:12";Task05_IolantaMartirosov.ipynb
Task05[16].ipynb;21787;Hanna;Merkle;1;"01.06.2023 13:21";Task05[16].ipynb
Task05.ipynb;19503;"Tilbe Nur";Minisker;1;"24.05.2023 17:58";Task05.ipynb
Task05[15].ipynb;17043;Gabriella;Mocanu;1;"01.06.2023 00:14";Task05[15].ipynb
Task05[39].ipynb;19316;Lotta;Müller;1;"05.06.2023 12:13";Task05[39].ipynb
Task05_chanagel.ipynb;21862;Chantal;Nagel;1;"31.05.2023 13:07";Task05_chanagel.ipynb
Task05.nnazari.ipynb;21232;Niloofar;Nazari;1;"04.06.2023 22:33";Task05.nnazari.ipynb
Task05_julianeidig.ipynb;22115;Julia;Neidig;1;"01.06.2023 15:21";Task05_julianeidig.ipynb
Task05_Parajuli_Saru.ipynb;21528;Saru;Parajuli;1;"03.06.2023 16:31";Task05_Parajuli_Saru.ipynb
Task05.html;693763;Hardika;Potey;1;"31.05.2023 20:54";Task05.html
Task05_Miguel_Angel_Prieto_Castellanos.ipynb;22370;"Miguel Angel";"Prieto Castellanos";1;"03.06.2023 16:41";Task05_Miguel_Angel_Prieto_Castellanos.ipynb
Task05[26].ipynb;21820;Simon;Rebers;1;"04.06.2023 16:24";Task05[26].ipynb
Task05[12].ipynb;22303;Klara;Rohrberg;1;"30.05.2023 12:31";Task05[12].ipynb
Task05_jryglewicz.ipynb;21973;"Jessica Diana";Ryglewicz;1;"02.06.2023 17:29";Task05_jryglewicz.ipynb
Task05_Sazykina.ipynb;22106;Valeriia;Sazykina;1;"03.06.2023 14:48";Task05_Sazykina.ipynb
Task05[19].ipynb;22712;Sarina;Scheerhorn;1;"02.06.2023 15:20";Task05[19].ipynb
Task05[29].ipynb;18755;Noah;Schepers;1;"04.06.2023 18:52";Task05[29].ipynb
aschleyerbac_Task05.ipynb;21321;Aurica;Schleyerbach;1;"04.06.2023 18:20";aschleyerbac_Task05.ipynb
Task05_martschmidt.ipynb;21336;Marten;Schmidt;1;"28.05.2023 14:27";Task05_martschmidt.ipynb
"Task05 (1)[3].ipynb";17141;Yannik;Schneider;1;"05.06.2023 11:54";"Task05 (1)[3].ipynb"
"Task05 (1)[2].ipynb";22047;Lara;Schunck;1;"04.06.2023 12:50";"Task05 (1)[2].ipynb"
Task05[17].ipynb;21554;Leonard;Schwanke;1;"02.06.2023 11:14";Task05[17].ipynb
Task05_JSpeck.ipynb;21898;Jakob;Speck;1;"29.05.2023 12:07";Task05_JSpeck.ipynb
Task05[22].ipynb;22000;Susanne;Stark;1;"04.06.2023 12:34";Task05[22].ipynb
Task05[3].ipynb;22531;Joshua;Stock;1;"25.05.2023 17:42";Task05[3].ipynb
"Task05 (Surma).ipynb";17047;Nastassia;Surma;1;"03.06.2023 16:53";"Task05 (Surma).ipynb"
Task05[5].ipynb;22829;"Seyed Arman";"Taghizadeh Motlagh";1;"26.05.2023 21:53";Task05[5].ipynb
Task05_LauraTiemann.ipynb;21965;Laura;Tiemann;1;"26.05.2023 10:52";Task05_LauraTiemann.ipynb
Task05[36].ipynb;17344;Claudius;Trebing;1;"05.06.2023 12:04";Task05[36].ipynb
Task05-2.ipynb;22237;Kerli;Tulva;1;"30.05.2023 23:07";Task05-2.ipynb
Copy_of_Task05_Waldo.ipynb;26789;Waldo;Ungerer;1;"04.06.2023 00:48";Copy_of_Task05_Waldo.ipynb
Task05[8].ipynb;27844;Johannes;Voth;1;"29.05.2023 12:09";Task05[8].ipynb
"Task05 (1).ipynb";17243;Victoria;Williams;1;"01.06.2023 14:12";"Task05 (1).ipynb"
Task05_solution_lawitt.ipynb;22172;Lara-Sophie;Witt;1;"25.05.2023 13:53";Task05_solution_lawitt.ipynb
Task05[38].ipynb;19232;Mahsa;"Zand khaneh shahri";1;"05.06.2023 12:05";Task05[38].ipynb
Zeitouni_05.ipynb;17180;Ribal;Zeitouni;1;"03.06.2023 19:31";Zeitouni_05.ipynb
