﻿Name;Größe;Vorname;Nachname;Downloads;Datum;Pfad
Task08_maljammal.ipynb;172461;Mohamad;Aljammal;2;"13.06.2023 18:05";Task08_maljammal.ipynb
"Task08 Pauline Althoff.ipynb";184594;Pauline;Althoff;2;"20.06.2023 13:54";"Task08 Pauline Althoff.ipynb"
Task08[31].ipynb;195298;Maedeh;Amini;1;"23.06.2023 10:51";Task08[31].ipynb
Task08.ipynb;182584;Lisa;Artmann;2;"13.06.2023 22:58";Task08.ipynb
Task08_Muazzez_Deniz_Barut.ipynb;153618;"Muazzez Deniz";Barut;1;"23.06.2023 11:18";Task08_Muazzez_Deniz_Barut.ipynb
Task08[13].ipynb;98862;Nina;Beckers;2;"19.06.2023 11:25";Task08[13].ipynb
Krishnendu_Bose_Task08.ipynb;194850;Krishnendu;Bose;1;"23.06.2023 04:30";Krishnendu_Bose_Task08.ipynb
Task08-ebossow.ipynb;178517;Erik;Bossow;2;"20.06.2023 10:49";Task08-ebossow.ipynb
AssignmentTask08.ipynb;191619;Maxine;Breede;1;"23.06.2023 09:48";AssignmentTask08.ipynb
Task08_jbufler.ipynb;96584;Jule;Bufler;2;"19.06.2023 07:53";Task08_jbufler.ipynb
Task08_Paulina_Calderon.ipynb;10672;"Jewell Paulina";"Calderon Ramos";2;"21.06.2023 11:00";Task08_Paulina_Calderon.ipynb
LaleCAN_Task08.ipynb;10144;Lale;Can;2;"21.06.2023 13:20";LaleCAN_Task08.ipynb
Task08_scapar.ipynb;191954;"Sila Sevi";Capar;1;"22.06.2023 23:48";Task08_scapar.ipynb
Task08[29].ipynb;202898;"Mariana Paulina";"Castillo Hermosilla";1;"23.06.2023 00:22";Task08[29].ipynb
Task08_sol.ipynb;195236;"Se Eun";Choi;1;"22.06.2023 21:16";Task08_sol.ipynb
Task08[16].ipynb;94310;Susanna;Christ;2;"19.06.2023 15:37";Task08[16].ipynb
Task08_Dahl_Keaton_Done.ipynb;177450;Keaton;Dahl;1;"22.06.2023 18:54";Task08_Dahl_Keaton_Done.ipynb
"Task08 Eduardo Dapelo del Campo.ipynb";12513;Eduardo;"Dapelo del Campo";1;"23.06.2023 03:30";"Task08 Eduardo Dapelo del Campo.ipynb"
Task08[32].ipynb;188335;"Ada Charlotte";"De Jongh";1;"23.06.2023 11:41";Task08[32].ipynb
Task08[11].ipynb;176612;Anita;Dymov;2;"18.06.2023 14:58";Task08[11].ipynb
"Task08 (1)[3].ipynb";150344;Mitra;"Faraji Mashaallah";1;"22.06.2023 20:08";"Task08 (1)[3].ipynb"
Task08_lfaske.ipynb;186270;Lena;Faske;2;"15.06.2023 11:37";Task08_lfaske.ipynb
Task08[2].ipynb;178658;Leona;Feierabend;2;"13.06.2023 23:44";Task08[2].ipynb
Task08-mfiglia.ipynb;96434;Martina;Figlia;2;"20.06.2023 17:10";Task08-mfiglia.ipynb
"Task08_cfrenzel (1).ipynb";190530;Cora;Frenzel;2;"19.06.2023 17:57";"Task08_cfrenzel (1).ipynb"
"Task08 Alina Furch.ipynb";188116;Alina;Furch;1;"22.06.2023 16:14";"Task08 Alina Furch.ipynb"
Task08JorikGander.ipynb;203066;Jorik;Gander;2;"19.06.2023 17:50";Task08JorikGander.ipynb
"Task08 (1)[4].ipynb";10008;"Arda Utku";Gezgin;1;"22.06.2023 22:41";"Task08 (1)[4].ipynb"
Task08[17].ipynb;11310;Lukas;Gruber;2;"20.06.2023 12:36";Task08[17].ipynb
Task08_mgudkova.ipynb;100819;Mariia;Gudkova;2;"16.06.2023 20:04";Task08_mgudkova.ipynb
Task08_saguenther.ipynb;203545;Sara;Günther;1;"23.06.2023 00:26";Task08_saguenther.ipynb
agushoff_Task08.ipynb;90143;Alexa;Gushoff;1;"22.06.2023 22:52";agushoff_Task08.ipynb
Task08_FenjaHagenbrock(1).ipynb;154137;Fenja;Hagenbrock;2;"14.06.2023 11:36";Task08_FenjaHagenbrock(1).ipynb
Task08_ihovemann.ipynb;99765;Ilva;Hovemann;1;"22.06.2023 10:10";Task08_ihovemann.ipynb
Task08_StellaHoyosTrueba.ipynb;186973;Stella;"Hoyos Trueba";2;"19.06.2023 15:48";Task08_StellaHoyosTrueba.ipynb
Task08[8].ipynb;25668;"Dora Rosalie";Kaiser;2;"15.06.2023 09:51";Task08[8].ipynb
Task08_GK.ipynb;181657;"Grzegorz Mateusz";Kallas;1;"22.06.2023 15:15";Task08_GK.ipynb
Task08[12].ipynb;190516;Louis;Kapp;2;"19.06.2023 00:56";Task08[12].ipynb
Almira_Kara_Task08.ipynb;189409;Almira;Kara;2;"14.06.2023 10:57";Almira_Kara_Task08.ipynb
Task08_LauraKinderknecht.ipynb;186764;Laura;Kinderknecht;2;"16.06.2023 12:05";Task08_LauraKinderknecht.ipynb
Task08_Marius_Lange_1002799.ipynb;191808;Marius;Lange;2;"20.06.2023 15:19";Task08_Marius_Lange_1002799.ipynb
Task08[25].ipynb;183098;Lucas;Liess-Duquesne;1;"22.06.2023 14:37";Task08[25].ipynb
Task08_Anna_Joline_Lippold.ipynb;186946;"Anna Joline";Lippold;2;"21.06.2023 10:57";Task08_Anna_Joline_Lippold.ipynb
Task08_Lutter.ipynb;182364;Konstantin;Lutter;2;"14.06.2023 10:27";Task08_Lutter.ipynb
Task08[7].ipynb;180440;"Clive Tinashe";Marimo;2;"14.06.2023 21:58";Task08[7].ipynb
Task08_IolantaMartirosov[2].ipynb;170481;Iolanta;Martirosov;1;"21.06.2023 15:58";Task08_IolantaMartirosov[2].ipynb
Task08_IolantaMartirosov[3].ipynb;174965;Iolanta;Martirosov;2;"21.06.2023 15:59";Task08_IolantaMartirosov[3].ipynb
Task08.html;611079;Billy-Bob;Mattler;2;"18.06.2023 14:24";Task08.html
Task08[33].ipynb;181982;Hanna;Merkle;1;"23.06.2023 11:57";Task08[33].ipynb
Task08[3].ipynb;189431;"Tilbe Nur";Minisker;2;"14.06.2023 10:46";Task08[3].ipynb
Task08[15].ipynb;10914;Gabriella;Mocanu;2;"19.06.2023 14:36";Task08[15].ipynb
Task08_chanagel.ipynb;10327;Chantal;Nagel;1;"22.06.2023 23:06";Task08_chanagel.ipynb
Task08_julianeidig.ipynb;191390;Julia;Neidig;2;"21.06.2023 14:48";Task08_julianeidig.ipynb
Task08_Parajuli_Saru.ipynb;189109;Saru;Parajuli;2;"21.06.2023 15:05";Task08_Parajuli_Saru.ipynb
Task08[2].html;824949;Hardika;Potey;1;"23.06.2023 10:21";Task08[2].html
Task08[18].ipynb;198904;Simon;Rebers;2;"20.06.2023 12:37";Task08[18].ipynb
Task08[23].ipynb;192625;Klara;Rohrberg;1;"21.06.2023 17:16";Task08[23].ipynb
Task08_jryglewicz.ipynb;193146;"Jessica Diana";Ryglewicz;1;"22.06.2023 19:37";Task08_jryglewicz.ipynb
Task08_Sazykina.ipynb;181088;Valeriia;Sazykina;2;"16.06.2023 23:09";Task08_Sazykina.ipynb
Task08_SaskiaSchaefer.ipynb;101118;Saskia;Schäfer;2;"15.06.2023 21:34";Task08_SaskiaSchaefer.ipynb
Task08[26].ipynb;93994;Sarina;Scheerhorn;1;"22.06.2023 14:37";Task08[26].ipynb
Task08[22].ipynb;190481;Noah;Schepers;2;"21.06.2023 13:25";Task08[22].ipynb
aschleyerbac_Task08.ipynb;98679;Aurica;Schleyerbach;1;"22.06.2023 22:46";aschleyerbac_Task08.ipynb
"Task08 (1)[2].ipynb";100256;Yannik;Schneider;1;"22.06.2023 15:52";"Task08 (1)[2].ipynb"
"Task08 (1).ipynb";99985;Lara;Schunck;2;"17.06.2023 15:23";"Task08 (1).ipynb"
Task08[19].ipynb;192964;Leonard;Schwanke;2;"20.06.2023 13:45";Task08[19].ipynb
Task08_JSpeck.ipynb;196651;Jakob;Speck;2;"19.06.2023 17:50";Task08_JSpeck.ipynb
Task08[24].ipynb;185330;Susanne;Stark;1;"22.06.2023 14:17";Task08[24].ipynb
Task08[6].ipynb;183186;Joshua;Stock;2;"14.06.2023 21:40";Task08[6].ipynb
"Task08 (Surma).ipynb";10564;Nastassia;Surma;1;"23.06.2023 11:37";"Task08 (Surma).ipynb"
Task08_LauraTiemann.ipynb;104419;Laura;Tiemann;2;"14.06.2023 12:23";Task08_LauraTiemann.ipynb
Task08-2.ipynb;96618;Kerli;Tulva;2;"20.06.2023 11:54";Task08-2.ipynb
Copy_of_Task08.ipynb;181120;Waldo;Ungerer;2;"20.06.2023 22:41";Copy_of_Task08.ipynb
Task08[21].ipynb;170742;Johannes;Voth;2;"21.06.2023 12:27";Task08[21].ipynb
Task08_MWilczek.ipynb;184256;Meret;Wilczek;1;"23.06.2023 09:10";Task08_MWilczek.ipynb
Task08[14].ipynb;10746;Victoria;Williams;2;"19.06.2023 12:41";Task08[14].ipynb
Task08_solution_lawitt.ipynb;103654;Lara-Sophie;Witt;2;"20.06.2023 17:59";Task08_solution_lawitt.ipynb
Task08[28].ipynb;100280;Mahsa;"Zand khaneh shahri";1;"22.06.2023 20:15";Task08[28].ipynb
Zeitouni_08.ipynb;174155;Ribal;Zeitouni;1;"23.06.2023 00:43";Zeitouni_08.ipynb
