﻿Name;Größe;Vorname;Nachname;Downloads;Datum;Pfad
Task01_maljammal.ipynb;10287;Mohamad;Aljammal;1;"11.05.2023 04:09";Task01_maljammal.ipynb
"Task01 überarbeitet.ipynb";10807;Pauline;Althoff;1;"09.05.2023 14:52";"Task01 überarbeitet.ipynb"
"Sadaf Amirmaki 01.ipynb";10477;Sadaf;Amirmaki;1;"14.05.2023 12:10";"Sadaf Amirmaki 01.ipynb"
Task01[17].ipynb;10458;Lisa;Artmann;1;"06.05.2023 11:36";Task01[17].ipynb
task01_faurand.ipynb;10072;Fynn;Aurand;1;"03.05.2023 13:04";task01_faurand.ipynb
Task01_Muazzez_Deniz_Barut.ipynb;12828;"Muazzez Deniz";Barut;1;"14.05.2023 14:38";Task01_Muazzez_Deniz_Barut.ipynb
Task01(1)[4].ipynb;9854;Nina;Beckers;1;"14.05.2023 23:00";Task01(1)[4].ipynb
Task01_Lilia.ipynb;8828;Lilia;"Ben Salah";1;"11.05.2023 18:06";Task01_Lilia.ipynb
Task01[23].ipynb;9744;Luca;Bialek;1;"08.05.2023 19:39";Task01[23].ipynb
Task01_felboehm.ipynb;10859;Felix;Böhm;3;"30.04.2023 13:08";Task01_felboehm.ipynb
Task01_Krishnendu_Bose.ipynb;11291;Krishnendu;Bose;1;"14.05.2023 23:10";Task01_Krishnendu_Bose.ipynb
Task01-ebossow.ipynb;10385;Erik;Bossow;1;"09.05.2023 15:02";Task01-ebossow.ipynb
AssignmentTask01[3].ipynb;11009;Maxine;Breede;1;"11.05.2023 17:41";AssignmentTask01[3].ipynb
Task01[41].ipynb;10502;Dominik;Brockmann;1;"14.05.2023 16:47";Task01[41].ipynb
Task01[36].ipynb;10471;Jule;Bufler;1;"12.05.2023 16:53";Task01[36].ipynb
Task01[44].ipynb;9242;"Jewell Paulina";"Calderon Ramos";1;"14.05.2023 23:13";Task01[44].ipynb
Task01_LaleCAN.ipynb;12089;Lale;Can;1;"12.05.2023 23:59";Task01_LaleCAN.ipynb
Task01_Updated_scapar.ipynb;12057;"Sila Sevi";Capar;1;"13.05.2023 02:24";Task01_Updated_scapar.ipynb
Task1_David[2].ipynb;10035;"David Raul";"Carranza Navarrete";1;"09.05.2023 17:19";Task1_David[2].ipynb
Task01[16].ipynb;11372;"Mariana Paulina";"Castillo Hermosilla";1;"05.05.2023 20:08";Task01[16].ipynb
Task01_schoi[2].ipynb;13022;"Se Eun";Choi;1;"12.05.2023 16:34";Task01_schoi[2].ipynb
Task01[28].ipynb;10002;Susanna;Christ;1;"09.05.2023 15:41";Task01[28].ipynb
"Task01 Dahl_Keaton .ipynb";12450;Keaton;Dahl;1;"14.05.2023 17:01";"Task01 Dahl_Keaton .ipynb"
"Task01 updated-New.ipynb";10209;Sharareh;Daneshvar;1;"14.05.2023 23:00";"Task01 updated-New.ipynb"
"Task01 Eduardo Dapelo del Campo[2].ipynb";10657;Eduardo;"Dapelo del Campo";1;"08.05.2023 12:01";"Task01 Eduardo Dapelo del Campo[2].ipynb"
Task01_LuizDeArruda.ipynb;11413;"Luiz Fernando";"De Arruda";1;"14.05.2023 13:34";Task01_LuizDeArruda.ipynb
"Task01 (1)[4].ipynb";10530;"Ada Charlotte";"De Jongh";1;"14.05.2023 12:44";"Task01 (1)[4].ipynb"
Task01[42].ipynb;8970;Fynn;Drobietz;1;"14.05.2023 17:40";Task01[42].ipynb
Task01[22].ipynb;10224;Anita;Dymov;1;"08.05.2023 19:06";Task01[22].ipynb
"Task01 - Münevver Simay Erikoğlu.ipynb";11226;"Münevver Simay";Erikoglu;1;"14.05.2023 23:53";"Task01 - Münevver Simay Erikoğlu.ipynb"
Task01[33].ipynb;10610;Mitra;"Faraji Mashaallah";1;"11.05.2023 11:37";Task01[33].ipynb
Task01_lfaske.ipynb;10991;Lena;Faske;2;"02.05.2023 11:52";Task01_lfaske.ipynb
Task01[25].ipynb;10481;Leona;Feierabend;1;"09.05.2023 12:37";Task01[25].ipynb
Task01-Figlia.ipynb;10454;Martina;Figlia;3;"02.05.2023 15:21";Task01-Figlia.ipynb
Task01_cfrenzel.ipynb;11286;Cora;Frenzel;1;"05.05.2023 18:00";Task01_cfrenzel.ipynb
"Task01 Alina Furch.ipynb";10212;Alina;Furch;1;"10.05.2023 12:40";"Task01 Alina Furch.ipynb"
Task01_JGander.ipynb;10514;Jorik;Gander;1;"14.05.2023 20:06";Task01_JGander.ipynb
Task01[35].ipynb;10125;"Arda Utku";Gezgin;1;"12.05.2023 14:20";Task01[35].ipynb
Task01[21].ipynb;9814;Lukas;Gruber;1;"08.05.2023 11:41";Task01[21].ipynb
mgudkova_task01.ipynb;10854;Mariia;Gudkova;1;"02.05.2023 17:28";mgudkova_task01.ipynb
Task01_saguenther.ipynb;10883;Sara;Günther;1;"12.05.2023 10:49";Task01_saguenther.ipynb
agushoff_Task01.ipynb;10918;Alexa;Gushoff;1;"13.05.2023 15:37";agushoff_Task01.ipynb
Task01_FenjaHagenbrock.ipynb;10402;Fenja;Hagenbrock;1;"03.05.2023 21:01";Task01_FenjaHagenbrock.ipynb
Task01_ehodzic.ipynb;10280;Esma;Hodžić;1;"14.05.2023 15:01";Task01_ehodzic.ipynb
Task01[30].ipynb;10565;Sajjad;Homayouni;1;"10.05.2023 16:52";Task01[30].ipynb
Task01_ihovemann.ipynb;11399;Ilva;Hovemann;1;"09.05.2023 17:30";Task01_ihovemann.ipynb
Task01_StellaHoyosTrueba.ipynb;10748;Stella;"Hoyos Trueba";1;"10.05.2023 10:49";Task01_StellaHoyosTrueba.ipynb
Task01[8].ipynb;10621;Justin;Jupe;1;"03.05.2023 16:48";Task01[8].ipynb
Task01[4].ipynb;10663;"Dora Rosalie";Kaiser;2;"02.05.2023 10:32";Task01[4].ipynb
Task01_GK.ipynb;10369;"Grzegorz Mateusz";Kallas;1;"10.05.2023 02:44";Task01_GK.ipynb
Task01[6].ipynb;9485;Louis;Kapp;1;"02.05.2023 18:11";Task01[6].ipynb
"Almira_Kara_akara@uni-osnabrueck.de task 01.ipynb";11404;Almira;Kara;1;"09.05.2023 13:01";"Almira_Kara_akara@uni-osnabrueck.de task 01.ipynb"
Task01_LauraKinderknecht.ipynb;10865;Laura;Kinderknecht;2;"30.04.2023 18:07";Task01_LauraKinderknecht.ipynb
Task01_Marius_Lange_1002799.ipynb;11018;Marius;Lange;1;"09.05.2023 16:06";Task01_Marius_Lange_1002799.ipynb
Task01_Anna_Joline_Lippold.ipynb;10770;"Anna Joline";Lippold;3;"29.04.2023 13:39";Task01_Anna_Joline_Lippold.ipynb
Task01[7].ipynb;14459;Konstantin;Lutter;1;"03.05.2023 09:59";Task01[7].ipynb
Task01(1)[3].ipynb;10844;Razieh;Malihi;1;"11.05.2023 22:23";Task01(1)[3].ipynb
Task01[15].ipynb;10890;"Clive Tinashe";Marimo;1;"05.05.2023 20:01";Task01[15].ipynb
Task01_Iolanta-Martirosov.ipynb;11217;Iolanta;Martirosov;1;"12.05.2023 15:55";Task01_Iolanta-Martirosov.ipynb
Task01[9].ipynb;10447;Periklis;Maskanakis;1;"03.05.2023 20:58";Task01[9].ipynb
Task01[31].ipynb;10297;Hanna;Merkle;1;"11.05.2023 02:01";Task01[31].ipynb
"Task01 Tilbe Minisker_tminisker@uni-osnabrueck.de.ipynb";11393;"Tilbe Nur";Minisker;1;"09.05.2023 12:48";"Task01 Tilbe Minisker_tminisker@uni-osnabrueck.de.ipynb"
Task01[29].ipynb;9210;Gabriella;Mocanu;1;"10.05.2023 10:20";Task01[29].ipynb
Task01[39].ipynb;11074;Lotta;Müller;1;"13.05.2023 11:46";Task01[39].ipynb
Task01_chanagel[3].ipynb;10683;Chantal;Nagel;1;"14.05.2023 18:40";Task01_chanagel[3].ipynb
Task01.nnazari[3].ipynb;10153;Niloofar;Nazari;1;"14.05.2023 18:43";Task01.nnazari[3].ipynb
Task01_julianeidig.ipynb;11398;Julia;Neidig;1;"11.05.2023 13:40";Task01_julianeidig.ipynb
task1(wokajevo).ipynb;14577;Wilfred;Okajevo;1;"14.05.2023 15:08";task1(wokajevo).ipynb
Task01_Parajuli_Saru[2].ipynb;11488;Saru;Parajuli;1;"14.05.2023 19:23";Task01_Parajuli_Saru[2].ipynb
TASK01_HPOTEY.ipynb;12142;Hardika;Potey;1;"14.05.2023 13:32";TASK01_HPOTEY.ipynb
"Python - Miguel_Ángel_Prieto–Castellanos_TASK 1.ipynb";12838;"Miguel Angel";"Prieto Castellanos";1;"11.05.2023 12:36";"Python - Miguel_Ángel_Prieto–Castellanos_TASK 1.ipynb"
Task01[5].ipynb;10694;Klara;Rohrberg;3;"02.05.2023 15:23";Task01[5].ipynb
Task01[10].ipynb;10694;"Jessica Diana";Ryglewicz;1;"04.05.2023 01:24";Task01[10].ipynb
Task01_Sazykina.ipynb;11296;Valeriia;Sazykina;1;"10.05.2023 22:27";Task01_Sazykina.ipynb
Task01_sasschaefer.ipynb;10148;Saskia;Schäfer;1;"08.05.2023 18:57";Task01_sasschaefer.ipynb
Task01[40].ipynb;11070;Sarina;Scheerhorn;1;"13.05.2023 14:08";Task01[40].ipynb
Task01.py;891;Noah;Schepers;1;"14.05.2023 03:54";Task01.py
Task01_martschmidt.ipynb;9621;Marten;Schmidt;2;"29.04.2023 20:58";Task01_martschmidt.ipynb
"Task01 (1)[5].ipynb";10878;Yannik;Schneider;1;"14.05.2023 18:43";"Task01 (1)[5].ipynb"
"Task01 (1)[3].ipynb";10654;Lara;Schunck;1;"12.05.2023 21:00";"Task01 (1)[3].ipynb"
Task01[24].ipynb;9443;Leonard;Schwanke;1;"09.05.2023 10:03";Task01[24].ipynb
Task01_JSpeck.ipynb;10237;Jakob;Speck;1;"14.05.2023 22:07";Task01_JSpeck.ipynb
Task01[43].ipynb;10678;Susanne;Stark;1;"14.05.2023 17:44";Task01[43].ipynb
Task01.ipynb;9112;Joshua;Stock;3;"29.04.2023 11:29";Task01.ipynb
"Task01 (Surma).ipynb";10056;Nastassia;Surma;1;"14.05.2023 20:10";"Task01 (Surma).ipynb"
Task01[26].ipynb;10157;"Seyed Arman";"Taghizadeh Motlagh";1;"09.05.2023 14:07";Task01[26].ipynb
"Task01_LauraTiemann (1).ipynb";10363;Laura;Tiemann;1;"03.05.2023 12:48";"Task01_LauraTiemann (1).ipynb"
Task01_Claudius_Trebing.ipynb;9686;Claudius;Trebing;1;"13.05.2023 09:07";Task01_Claudius_Trebing.ipynb
Task01-3.ipynb;10546;Kerli;Tulva;2;"01.05.2023 17:06";Task01-3.ipynb
Copy_of_Task01.ipynb;15199;Waldo;Ungerer;1;"07.05.2023 16:42";Copy_of_Task01.ipynb
Task01[3].ipynb;10935;Johannes;Voth;2;"30.04.2023 08:42";Task01[3].ipynb
Task01_MWilczek.ipynb;10980;Meret;Wilczek;2;"30.04.2023 14:37";Task01_MWilczek.ipynb
Task01[14].ipynb;9214;Victoria;Williams;1;"05.05.2023 16:55";Task01[14].ipynb
Task01[11].ipynb;11913;Lara-Sophie;Witt;1;"04.05.2023 13:13";Task01[11].ipynb
Task01[34].ipynb;11116;Mahsa;"Zand khaneh shahri";1;"11.05.2023 16:43";Task01[34].ipynb
Zeitouni_01.ipynb;9579;Ribal;Zeitouni;1;"12.05.2023 11:25";Zeitouni_01.ipynb
