﻿Name;Größe;Vorname;Nachname;Downloads;Datum;Pfad
Task04_maljammal.ipynb;12671;Mohamad;Aljammal;1;"15.05.2023 23:50";Task04_maljammal.ipynb
"Task04 Pauline Althoff.ipynb";13220;Pauline;Althoff;1;"29.05.2023 11:24";"Task04 Pauline Althoff.ipynb"
Task04[36].ipynb;10614;Shanza;Amber;1;"29.05.2023 11:17";Task04[36].ipynb
"Sadaf Amirmaki Assignment 4.ipynb";12321;Sadaf;Amirmaki;1;"29.05.2023 11:20";"Sadaf Amirmaki Assignment 4.ipynb"
Task04[8].ipynb;12778;Lisa;Artmann;1;"20.05.2023 13:30";Task04[8].ipynb
task04_faurand.ipynb;12495;Fynn;Aurand;1;"16.05.2023 15:36";task04_faurand.ipynb
Task04[34].ipynb;11303;"Mohammad Hossein";Bakhshandeh;1;"28.05.2023 22:35";Task04[34].ipynb
Task04_Muazzez_Deniz_Barut.ipynb;12292;"Muazzez Deniz";Barut;1;"29.05.2023 11:17";Task04_Muazzez_Deniz_Barut.ipynb
Task04[11].ipynb;12616;Nina;Beckers;1;"22.05.2023 13:28";Task04[11].ipynb
Task04_lbensalah.ipynb;11111;Lilia;"Ben Salah";1;"20.05.2023 11:16";Task04_lbensalah.ipynb
Task04[22].ipynb;10662;Luca;Bialek;1;"27.05.2023 14:39";Task04[22].ipynb
Task04_felboehm.ipynb;12934;Felix;Böhm;1;"23.05.2023 12:37";Task04_felboehm.ipynb
Krishnendu_Bose_Task04.ipynb;13090;Krishnendu;Bose;1;"28.05.2023 23:52";Krishnendu_Bose_Task04.ipynb
Task04-ebossow-updated.ipynb;12588;Erik;Bossow;1;"16.05.2023 18:37";Task04-ebossow-updated.ipynb
AssignmentTask04.ipynb;12660;Maxine;Breede;1;"26.05.2023 20:06";AssignmentTask04.ipynb
Task04[30].ipynb;12187;Dominik;Brockmann;1;"28.05.2023 14:55";Task04[30].ipynb
Task04_jbufler.ipynb;12665;Jule;Bufler;1;"19.05.2023 15:32";Task04_jbufler.ipynb
Task04_Paulina_Calderon.ipynb;11139;"Jewell Paulina";"Calderon Ramos";1;"29.05.2023 11:15";Task04_Paulina_Calderon.ipynb
LaleCAN_Task04.ipynb;12736;Lale;Can;1;"25.05.2023 22:47";LaleCAN_Task04.ipynb
Task04[38].ipynb;12940;"David Raul";"Carranza Navarrete";1;"29.05.2023 11:51";Task04[38].ipynb
Task04[31].ipynb;12793;"Mariana Paulina";"Castillo Hermosilla";1;"28.05.2023 18:01";Task04[31].ipynb
Task04[15].ipynb;12613;"Se Eun";Choi;1;"24.05.2023 19:23";Task04[15].ipynb
Task04[10].ipynb;12424;Susanna;Christ;1;"22.05.2023 13:22";Task04[10].ipynb
Task04_Dahl_Keaton_Done.ipynb;12577;Keaton;Dahl;1;"28.05.2023 14:15";Task04_Dahl_Keaton_Done.ipynb
"Task04 Dapelo del Campo.ipynb";12783;Eduardo;"Dapelo del Campo";1;"27.05.2023 04:24";"Task04 Dapelo del Campo.ipynb"
Task04_LuizDeArruda.ipynb;15735;"Luiz Fernando";"De Arruda";1;"28.05.2023 15:28";Task04_LuizDeArruda.ipynb
Task04[35].ipynb;13030;"Ada Charlotte";"De Jongh";1;"29.05.2023 10:18";Task04[35].ipynb
Task03.ipynb;11370;Fynn;Drobietz;1;"22.05.2023 22:42";Task03.ipynb
Task04[2].ipynb;12516;Anita;Dymov;1;"16.05.2023 16:35";Task04[2].ipynb
Task04[27].ipynb;13368;Mitra;"Faraji Mashaallah";1;"28.05.2023 11:42";Task04[27].ipynb
Task04_lfaske.ipynb;13846;Lena;Faske;1;"16.05.2023 14:43";Task04_lfaske.ipynb
Task04-mfiglia.ipynb;12682;Martina;Figlia;1;"24.05.2023 13:26";Task04-mfiglia.ipynb
Task04_cfrenzel.ipynb;13103;Cora;Frenzel;1;"24.05.2023 16:10";Task04_cfrenzel.ipynb
Task04_AlinaFurch.ipynb;13375;Alina;Furch;1;"28.05.2023 16:01";Task04_AlinaFurch.ipynb
Task04JorikGander.ipynb;12649;Jorik;Gander;1;"24.05.2023 14:18";Task04JorikGander.ipynb
Task04[29].ipynb;12020;Lukas;Gruber;1;"28.05.2023 13:43";Task04[29].ipynb
mgudkova_task04.ipynb;12251;Mariia;Gudkova;1;"16.05.2023 14:07";mgudkova_task04.ipynb
Task04_saguenther.ipynb;13322;Sara;Günther;1;"23.05.2023 22:55";Task04_saguenther.ipynb
agushoff_Task04.ipynb;12438;Alexa;Gushoff;1;"29.05.2023 09:19";agushoff_Task04.ipynb
Task04_FenjaHagenbrock.ipynb;10546;Fenja;Hagenbrock;1;"17.05.2023 12:29";Task04_FenjaHagenbrock.ipynb
Task04[20].ipynb;13515;Sajjad;Homayouni;1;"27.05.2023 13:49";Task04[20].ipynb
Task04_ihovemann.ipynb;12917;Ilva;Hovemann;1;"25.05.2023 11:25";Task04_ihovemann.ipynb
Task04_StellaHoyosTrueba.ipynb;12748;Stella;"Hoyos Trueba";1;"16.05.2023 12:58";Task04_StellaHoyosTrueba.ipynb
Task04[40].ipynb;12661;Justin;Jupe;1;"29.05.2023 12:11";Task04[40].ipynb
Task04[9].ipynb;11407;"Dora Rosalie";Kaiser;1;"22.05.2023 09:43";Task04[9].ipynb
Task04_GK.ipynb;14179;"Grzegorz Mateusz";Kallas;1;"28.05.2023 22:30";Task04_GK.ipynb
Task04[3].ipynb;12474;Louis;Kapp;1;"17.05.2023 14:48";Task04[3].ipynb
Almira_Kara_Task4.ipynb;12011;Almira;Kara;1;"18.05.2023 16:40";Almira_Kara_Task4.ipynb
Task04_LauraKinderknecht.ipynb;14061;Laura;Kinderknecht;1;"18.05.2023 19:03";Task04_LauraKinderknecht.ipynb
Task04_Marius_Lange_1002799.ipynb;14676;Marius;Lange;1;"23.05.2023 16:27";Task04_Marius_Lange_1002799.ipynb
Task04_Anna_Joline_Lippold.ipynb;12722;"Anna Joline";Lippold;1;"16.05.2023 11:27";Task04_Anna_Joline_Lippold.ipynb
Task04_Lutter.ipynb;12957;Konstantin;Lutter;1;"23.05.2023 14:13";Task04_Lutter.ipynb
Task04[5].ipynb;12484;"Clive Tinashe";Marimo;1;"18.05.2023 16:18";Task04[5].ipynb
Task04_IolantaMartirosov[2].ipynb;13050;Iolanta;Martirosov;1;"29.05.2023 09:29";Task04_IolantaMartirosov[2].ipynb
"Task04 (1).ipynb";12410;Periklis;Maskanakis;1;"21.05.2023 13:26";"Task04 (1).ipynb"
Task04[32].ipynb;12596;Hanna;Merkle;1;"28.05.2023 20:02";Task04[32].ipynb
Task04[4].ipynb;12144;"Tilbe Nur";Minisker;1;"18.05.2023 16:03";Task04[4].ipynb
Task04[23].ipynb;11123;Gabriella;Mocanu;1;"27.05.2023 18:52";Task04[23].ipynb
Task04_scapar.ipynb;13359;Nohayr;"Muhammad Abdelmoneim";1;"02.06.2023 14:27";Task04_scapar.ipynb
Task04[37].ipynb;12149;Lotta;Müller;1;"29.05.2023 11:31";Task04[37].ipynb
Task04_chanagel.ipynb;12304;Chantal;Nagel;1;"27.05.2023 14:10";Task04_chanagel.ipynb
Task04_julianeidig.ipynb;12709;Julia;Neidig;1;"21.05.2023 20:06";Task04_julianeidig.ipynb
"Oberg, Nicole Task04.ipynb";12910;Nicole;Oberg;1;"29.05.2023 10:07";"Oberg, Nicole Task04.ipynb"
Task04_Parajuli_Saru[3].ipynb;12467;Saru;Parajuli;1;"28.05.2023 22:06";Task04_Parajuli_Saru[3].ipynb
Task04_HPOTEY.html;658263;Hardika;Potey;1;"27.05.2023 21:13";Task04_HPOTEY.html
Task04_Miguel_Angel_Prieto_Castellanos.ipynb;12080;"Miguel Angel";"Prieto Castellanos";1;"28.05.2023 10:00";Task04_Miguel_Angel_Prieto_Castellanos.ipynb
Task04[33].ipynb;12487;Simon;Rebers;1;"28.05.2023 20:08";Task04[33].ipynb
Task04[12].ipynb;13137;Klara;Rohrberg;1;"22.05.2023 22:10";Task04[12].ipynb
Task04_jryglewicz.ipynb;12778;"Jessica Diana";Ryglewicz;1;"26.05.2023 19:04";Task04_jryglewicz.ipynb
Task04_Sazykina.ipynb;14230;Valeriia;Sazykina;1;"21.05.2023 09:34";Task04_Sazykina.ipynb
Task04_sasschaefer.ipynb;12579;Saskia;Schäfer;1;"18.05.2023 14:52";Task04_sasschaefer.ipynb
Task04[7].ipynb;10614;Sarina;Scheerhorn;1;"19.05.2023 16:29";Task04[7].ipynb
Task04[19].ipynb;12255;Noah;Schepers;1;"27.05.2023 13:39";Task04[19].ipynb
aschleyerbac_Task04.ipynb;12563;Aurica;Schleyerbach;1;"28.05.2023 20:47";aschleyerbac_Task04.ipynb
Task04_martschmidt.ipynb;13087;Marten;Schmidt;1;"18.05.2023 11:59";Task04_martschmidt.ipynb
"Task04 (1)[3].ipynb";12534;Yannik;Schneider;1;"29.05.2023 11:09";"Task04 (1)[3].ipynb"
Task04[16].ipynb;12670;Leonard;Schwanke;1;"25.05.2023 12:05";Task04[16].ipynb
Task04_JSpeck.ipynb;13256;Jakob;Speck;1;"17.05.2023 17:23";Task04_JSpeck.ipynb
Task04[39].ipynb;12646;Susanne;Stark;1;"29.05.2023 11:55";Task04[39].ipynb
Task04.ipynb;12421;Joshua;Stock;1;"16.05.2023 13:55";Task04.ipynb
"Task04 (Surma).ipynb";11590;Nastassia;Surma;1;"29.05.2023 10:01";"Task04 (Surma).ipynb"
"Task04 (1)[2].ipynb";14158;"Seyed Arman";"Taghizadeh Motlagh";1;"23.05.2023 20:10";"Task04 (1)[2].ipynb"
Task04_LauraTiemann.ipynb;12530;Laura;Tiemann;1;"16.05.2023 15:30";Task04_LauraTiemann.ipynb
Task04(1).ipynb;11804;Claudius;Trebing;1;"28.05.2023 19:56";Task04(1).ipynb
Task04_5-2.ipynb;12824;Kerli;Tulva;1;"25.05.2023 23:27";Task04_5-2.ipynb
"Copy of Task04.ipynb";17032;Waldo;Ungerer;1;"16.05.2023 21:56";"Copy of Task04.ipynb"
Task04[6].ipynb;17662;Johannes;Voth;1;"18.05.2023 16:20";Task04[6].ipynb
Task04_MWilczek.ipynb;12956;Meret;Wilczek;1;"16.05.2023 18:25";Task04_MWilczek.ipynb
Task04[21].ipynb;11775;Victoria;Williams;1;"27.05.2023 14:22";Task04[21].ipynb
Task04_solution_lawitt.ipynb;12708;Lara-Sophie;Witt;1;"25.05.2023 13:18";Task04_solution_lawitt.ipynb
Task04[18].ipynb;13776;Mahsa;"Zand khaneh shahri";1;"26.05.2023 23:25";Task04[18].ipynb
Zeitouni_04.ipynb;11258;Ribal;Zeitouni;1;"21.05.2023 14:15";Zeitouni_04.ipynb
