﻿Name;Größe;Vorname;Nachname;Downloads;Datum;Pfad
Task06_maljammal.ipynb;21033;Mohamad;Aljammal;1;"07.06.2023 21:17";Task06_maljammal.ipynb
"Task06 Pauline Althoff.ipynb";19532;Pauline;Althoff;1;"12.06.2023 10:27";"Task06 Pauline Althoff.ipynb"
"Task06.ipynb - Colaboratory.pdf";198892;Shanza;Amber;1;"12.06.2023 08:02";"Task06.ipynb - Colaboratory.pdf"
Task06[29].ipynb;19945;Maedeh;Amini;1;"12.06.2023 11:36";Task06[29].ipynb
"Sadaf Amirmaki 06.ipynb";19966;Sadaf;Amirmaki;1;"12.06.2023 00:37";"Sadaf Amirmaki 06.ipynb"
Task06[2].ipynb;19252;Lisa;Artmann;1;"02.06.2023 10:23";Task06[2].ipynb
Task06[22].ipynb;18743;"Mohammad Hossein";Bakhshandeh;1;"12.06.2023 01:44";Task06[22].ipynb
Task06_Muazzez_Deniz_Barut.ipynb;19071;"Muazzez Deniz";Barut;1;"12.06.2023 00:02";Task06_Muazzez_Deniz_Barut.ipynb
Task06[33].ipynb;19633;Nina;Beckers;1;"12.06.2023 12:12";Task06[33].ipynb
Task06_lbensalah.ipynb;20723;Lilia;"Ben Salah";1;"02.06.2023 21:54";Task06_lbensalah.ipynb
Task06[9].ipynb;18445;Luca;Bialek;1;"08.06.2023 18:17";Task06[9].ipynb
Task06_felboehm.ipynb;19377;Felix;Böhm;1;"11.06.2023 17:48";Task06_felboehm.ipynb
Task06-ebossow_updated.ipynb;18760;Erik;Bossow;1;"11.06.2023 23:06";Task06-ebossow_updated.ipynb
Task06[24].ipynb;18757;Dominik;Brockmann;1;"12.06.2023 03:47";Task06[24].ipynb
Task06_jbufler.ipynb;20911;Jule;Bufler;1;"04.06.2023 17:55";Task06_jbufler.ipynb
Task06_Paulina_Calderon.ipynb;17345;"Jewell Paulina";"Calderon Ramos";1;"12.06.2023 10:48";Task06_Paulina_Calderon.ipynb
LaleCAN-Task06.ipynb;20269;Lale;Can;1;"07.06.2023 13:46";LaleCAN-Task06.ipynb
Task06_scapar.ipynb;20451;"Sila Sevi";Capar;1;"11.06.2023 02:24";Task06_scapar.ipynb
Task06[17].ipynb;20839;"Mariana Paulina";"Castillo Hermosilla";1;"11.06.2023 19:51";Task06[17].ipynb
Task06_sol.ipynb;19323;"Se Eun";Choi;1;"02.06.2023 23:15";Task06_sol.ipynb
Task06[20].ipynb;19060;Susanna;Christ;1;"11.06.2023 23:05";Task06[20].ipynb
Task06_Dahl_Keaton_Done.ipynb;20890;Keaton;Dahl;1;"12.06.2023 10:35";Task06_Dahl_Keaton_Done.ipynb
Task06_LuizDeArruda.ipynb;19227;"Luiz Fernando";"De Arruda";1;"10.06.2023 13:51";Task06_LuizDeArruda.ipynb
Task06[16].ipynb;19789;"Ada Charlotte";"De Jongh";1;"11.06.2023 19:15";Task06[16].ipynb
"phyton 6.ipynb";22745;Fynn;Drobietz;1;"12.06.2023 10:08";"phyton 6.ipynb"
Task06[4].ipynb;19028;Anita;Dymov;1;"04.06.2023 22:44";Task06[4].ipynb
Task06_lfaske.ipynb;24081;Lena;Faske;1;"07.06.2023 09:59";Task06_lfaske.ipynb
Task_6-mfiglia.ipynb;20923;Martina;Figlia;1;"05.06.2023 13:28";Task_6-mfiglia.ipynb
Task06_cfrenzel.ipynb;21141;Cora;Frenzel;1;"04.06.2023 12:22";Task06_cfrenzel.ipynb
"Task06 Alina Furch.ipynb";21145;Alina;Furch;1;"11.06.2023 20:23";"Task06 Alina Furch.ipynb"
Task06Gander.ipynb;18814;Jorik;Gander;1;"10.06.2023 22:49";Task06Gander.ipynb
"Task06 last version.ipynb";16920;"Arda Utku";Gezgin;1;"12.06.2023 01:35";"Task06 last version.ipynb"
Task06[18].ipynb;17163;Lukas;Gruber;1;"11.06.2023 21:06";Task06[18].ipynb
Task06_mgudkova.ipynb;19851;Mariia;Gudkova;1;"10.06.2023 15:07";Task06_mgudkova.ipynb
Task06_saguenther.ipynb;21462;Sara;Günther;1;"08.06.2023 14:06";Task06_saguenther.ipynb
agushoff_Task06.ipynb;19584;Alexa;Gushoff;1;"11.06.2023 11:38";agushoff_Task06.ipynb
Task06_FenjaHagenbrock.ipynb;15906;Fenja;Hagenbrock;1;"07.06.2023 13:59";Task06_FenjaHagenbrock.ipynb
Task06_ehodzic.ipynb;19097;Esma;Hodžić;1;"07.06.2023 23:04";Task06_ehodzic.ipynb
Task06_ihovemann.ipynb;19216;Ilva;Hovemann;1;"08.06.2023 09:55";Task06_ihovemann.ipynb
Task06-StellaHoyosTrueba.ipynb;18855;Stella;"Hoyos Trueba";1;"06.06.2023 13:25";Task06-StellaHoyosTrueba.ipynb
Task06[31].ipynb;17295;Justin;Jupe;1;"12.06.2023 11:52";Task06[31].ipynb
Task06[10].ipynb;19133;"Dora Rosalie";Kaiser;1;"09.06.2023 12:52";Task06[10].ipynb
Task06_GK.ipynb;19321;"Grzegorz Mateusz";Kallas;1;"12.06.2023 01:31";Task06_GK.ipynb
Task06_almira_kara.ipynb;20452;Almira;Kara;7;"31.05.2023 22:06";Task06_almira_kara.ipynb
Task06_LauraKinderknecht.ipynb;20487;Laura;Kinderknecht;1;"09.06.2023 14:29";Task06_LauraKinderknecht.ipynb
Task06_Marius_Lange_1002799.ipynb;22576;Marius;Lange;1;"11.06.2023 12:02";Task06_Marius_Lange_1002799.ipynb
Task06[21].ipynb;19837;Lucas;Liess-Duquesne;1;"11.06.2023 23:12";Task06[21].ipynb
Task06[32].ipynb;19822;"Clive Tinashe";Marimo;1;"12.06.2023 11:58";Task06[32].ipynb
Task06_pending.ipynb;20116;Iolanta;Martirosov;1;"12.06.2023 11:54";Task06_pending.ipynb
Task06[14].ipynb;18261;Periklis;Maskanakis;1;"11.06.2023 15:17";Task06[14].ipynb
Task06[2].html;617829;Billy-Bob;Mattler;1;"12.06.2023 00:57";Task06[2].html
Task06[12].ipynb;18968;Hanna;Merkle;1;"10.06.2023 23:43";Task06[12].ipynb
Task06.ipynb;20475;"Tilbe Nur";Minisker;5;"31.05.2023 21:40";Task06.ipynb
Task06[27].ipynb;17865;Gabriella;Mocanu;1;"12.06.2023 10:44";Task06[27].ipynb
Task06_chanagel.ipynb;19337;Chantal;Nagel;1;"10.06.2023 14:09";Task06_chanagel.ipynb
Task06.nnazari.ipynb;17308;Niloofar;Nazari;1;"11.06.2023 23:50";Task06.nnazari.ipynb
Task06_julianeidig.ipynb;19415;Julia;Neidig;1;"05.06.2023 19:12";Task06_julianeidig.ipynb
Task06_Parajuli_Saru.ipynb;19147;Saru;Parajuli;1;"11.06.2023 22:26";Task06_Parajuli_Saru.ipynb
Task06.html;667592;Hardika;Potey;1;"10.06.2023 13:56";Task06.html
"Task06 - Miguel_Angel_Prieto_Castellanos.ipynb";18594;"Miguel Angel";"Prieto Castellanos";1;"11.06.2023 14:24";"Task06 - Miguel_Angel_Prieto_Castellanos.ipynb"
Task06[19].ipynb;18671;Simon;Rebers;1;"11.06.2023 21:34";Task06[19].ipynb
Task06[28].ipynb;17888;Klara;Rohrberg;1;"12.06.2023 10:53";Task06[28].ipynb
Task06_jryglewicz.ipynb;18287;"Jessica Diana";Ryglewicz;1;"03.06.2023 01:07";Task06_jryglewicz.ipynb
Task06_Sazykina.ipynb;20450;Valeriia;Sazykina;1;"03.06.2023 22:13";Task06_Sazykina.ipynb
Task06_sasschaefer.ipynb;19656;Saskia;Schäfer;1;"07.06.2023 12:04";Task06_sasschaefer.ipynb
Task06[15].ipynb;19101;Sarina;Scheerhorn;1;"11.06.2023 16:03";Task06[15].ipynb
Task06[30].ipynb;18773;Noah;Schepers;1;"12.06.2023 11:48";Task06[30].ipynb
aschleyerbac_Task06.ipynb;21450;Aurica;Schleyerbach;1;"12.06.2023 00:54";aschleyerbac_Task06.ipynb
Task06_martschmidt.ipynb;19433;Marten;Schmidt;1;"10.06.2023 20:11";Task06_martschmidt.ipynb
"Task06 (1)[4].ipynb";20356;Yannik;Schneider;1;"12.06.2023 11:29";"Task06 (1)[4].ipynb"
"Task06 (1).ipynb";19926;Lara;Schunck;1;"11.06.2023 16:29";"Task06 (1).ipynb"
Task06[6].ipynb;18930;Leonard;Schwanke;1;"07.06.2023 10:19";Task06[6].ipynb
Task06_JSpeck.ipynb;18785;Jakob;Speck;1;"11.06.2023 13:57";Task06_JSpeck.ipynb
Task06[34].ipynb;18737;Susanne;Stark;1;"12.06.2023 12:14";Task06[34].ipynb
Task06[7].ipynb;19807;Joshua;Stock;1;"08.06.2023 10:09";Task06[7].ipynb
"Task06 (Surma).ipynb";18030;Nastassia;Surma;1;"12.06.2023 11:12";"Task06 (Surma).ipynb"
Task06[3].ipynb;20704;"Seyed Arman";"Taghizadeh Motlagh";1;"04.06.2023 20:19";Task06[3].ipynb
Task06_LauraTiemann.ipynb;19151;Laura;Tiemann;1;"07.06.2023 10:23";Task06_LauraTiemann.ipynb
Task06[13].ipynb;18013;Claudius;Trebing;1;"11.06.2023 14:31";Task06[13].ipynb
Task06-4.ipynb;22424;Kerli;Tulva;1;"07.06.2023 21:53";Task06-4.ipynb
Copy_of_Task06.ipynb;24300;Waldo;Ungerer;1;"10.06.2023 00:52";Copy_of_Task06.ipynb
Task06[8].ipynb;25253;Johannes;Voth;1;"08.06.2023 12:37";Task06[8].ipynb
"Task06 (1)[2].ipynb";16815;Victoria;Williams;1;"11.06.2023 18:31";"Task06 (1)[2].ipynb"
Task06_solution_lawitt.ipynb;18911;Lara-Sophie;Witt;1;"10.06.2023 15:53";Task06_solution_lawitt.ipynb
Task06[23].ipynb;18153;Mahsa;"Zand khaneh shahri";1;"12.06.2023 02:06";Task06[23].ipynb
