﻿Name;Größe;Vorname;Nachname;Downloads;Datum;Pfad
Task03_maljammal.ipynb;16802;Mohamad;Aljammal;1;"11.05.2023 04:10";Task03_maljammal.ipynb
TASK3.pdf;156822;Shanza;Amber;1;"22.05.2023 07:54";TASK3.pdf
Task03[19].ipynb;16133;Lisa;Artmann;1;"17.05.2023 17:50";Task03[19].ipynb
task03_faurand.ipynb;16577;Fynn;Aurand;1;"09.05.2023 15:17";task03_faurand.ipynb
Task03_Muazzez_Deniz_Barut.ipynb;19235;"Muazzez Deniz";Barut;1;"21.05.2023 23:19";Task03_Muazzez_Deniz_Barut.ipynb
Task03[31].ipynb;17103;Nina;Beckers;1;"22.05.2023 10:52";Task03[31].ipynb
Task03_lbensalah.ipynb;12635;Lilia;"Ben Salah";1;"20.05.2023 10:58";Task03_lbensalah.ipynb
Task03_felboehm.ipynb;17993;Felix;Böhm;1;"09.05.2023 16:31";Task03_felboehm.ipynb
Krishnendu_Bose_Task03.ipynb;18042;Krishnendu;Bose;1;"22.05.2023 03:06";Krishnendu_Bose_Task03.ipynb
Task03-ebossow.ipynb;16832;Erik;Bossow;1;"09.05.2023 15:03";Task03-ebossow.ipynb
AssignmentTask03.ipynb;16294;Maxine;Breede;1;"19.05.2023 11:25";AssignmentTask03.ipynb
Task03[14].ipynb;16654;Dominik;Brockmann;1;"14.05.2023 18:49";Task03[14].ipynb
Task03_jbufler.ipynb;15682;Jule;Bufler;1;"14.05.2023 08:00";Task03_jbufler.ipynb
Task03_Paulina_Calderon.ipynb;11849;"Jewell Paulina";"Calderon Ramos";1;"22.05.2023 10:59";Task03_Paulina_Calderon.ipynb
LALE_CANTask03.ipynb;19332;Lale;Can;1;"18.05.2023 23:50";LALE_CANTask03.ipynb
Task03_scapar.ipynb;15817;"Sila Sevi";Capar;1;"20.05.2023 01:01";Task03_scapar.ipynb
Task03[33].ipynb;17472;"David Raul";"Carranza Navarrete";1;"22.05.2023 11:02";Task03[33].ipynb
Task03[10].ipynb;17743;"Se Eun";Choi;1;"11.05.2023 21:34";Task03[10].ipynb
Task03[22].ipynb;13917;Susanna;Christ;1;"20.05.2023 15:04";Task03[22].ipynb
"Task03 Dahl_Keaton_Done.ipynb";16953;Keaton;Dahl;1;"21.05.2023 15:42";"Task03 Dahl_Keaton_Done.ipynb"
"Task03 (1)[4].ipynb";16538;Sharareh;Daneshvar;1;"22.05.2023 09:56";"Task03 (1)[4].ipynb"
"Task03 Eduardo Dapelo del Campo.ipynb";16936;Eduardo;"Dapelo del Campo";1;"18.05.2023 18:59";"Task03 Eduardo Dapelo del Campo.ipynb"
Task03_LuizDeArruda.ipynb;17830;"Luiz Fernando";"De Arruda";1;"21.05.2023 08:56";Task03_LuizDeArruda.ipynb
Task03[34].ipynb;16738;"Ada Charlotte";"De Jongh";1;"22.05.2023 11:42";Task03[34].ipynb
Task03.ipynb;16824;Anita;Dymov;1;"08.05.2023 21:01";Task03.ipynb
"Task03 - Münevver Simay Erikoğlu.ipynb";16093;"Münevver Simay";Erikoglu;1;"22.05.2023 11:47";"Task03 - Münevver Simay Erikoğlu.ipynb"
Task03[8].ipynb;16488;Mitra;"Faraji Mashaallah";1;"11.05.2023 19:27";Task03[8].ipynb
Task03_lfaske.ipynb;17615;Lena;Faske;1;"11.05.2023 10:20";Task03_lfaske.ipynb
Task03[4].ipynb;15910;Leona;Feierabend;1;"09.05.2023 13:59";Task03[4].ipynb
"Task03 - mfiglia.ipynb";16984;Martina;Figlia;1;"15.05.2023 13:05";"Task03 - mfiglia.ipynb"
Task03_cfrenzel.ipynb;17324;Cora;Frenzel;1;"09.05.2023 18:59";Task03_cfrenzel.ipynb
"Task03(updated) Alina Furch.ipynb";17492;Alina;Furch;1;"11.05.2023 18:00";"Task03(updated) Alina Furch.ipynb"
Task03_JGander.ipynb;16766;Jorik;Gander;1;"14.05.2023 20:05";Task03_JGander.ipynb
Task03[26].ipynb;12166;Lukas;Gruber;1;"21.05.2023 21:00";Task03[26].ipynb
mgudkova_Task03.ipynb;11852;Mariia;Gudkova;1;"13.05.2023 15:05";mgudkova_Task03.ipynb
Task03_saguenther.ipynb;17103;Sara;Günther;1;"12.05.2023 13:32";Task03_saguenther.ipynb
agushoff_Task03.ipynb;16904;Alexa;Gushoff;1;"21.05.2023 21:24";agushoff_Task03.ipynb
Task03_FenjaHagenbrock.ipynb;10958;Fenja;Hagenbrock;1;"10.05.2023 15:47";Task03_FenjaHagenbrock.ipynb
Task03_ehodzic.ipynb;16796;Esma;Hodžić;1;"14.05.2023 15:03";Task03_ehodzic.ipynb
Task03[9].ipynb;15902;Sajjad;Homayouni;1;"11.05.2023 19:32";Task03[9].ipynb
Task03_ihovemann.ipynb;16887;Ilva;Hovemann;1;"11.05.2023 13:45";Task03_ihovemann.ipynb
Task03_StellaHoyosTrueba.ipynb;16658;Stella;"Hoyos Trueba";1;"10.05.2023 10:55";Task03_StellaHoyosTrueba.ipynb
Task03[32].ipynb;17054;Justin;Jupe;1;"22.05.2023 10:59";Task03[32].ipynb
Task03[2].ipynb;17015;"Dora Rosalie";Kaiser;1;"09.05.2023 11:55";Task03[2].ipynb
Task03_GK.ipynb;17943;"Grzegorz Mateusz";Kallas;1;"12.05.2023 17:35";Task03_GK.ipynb
Task03[16].ipynb;16666;Louis;Kapp;1;"17.05.2023 13:53";Task03[16].ipynb
"Almira_Kara_task 03.ipynb";19244;Almira;Kara;1;"09.05.2023 13:46";"Almira_Kara_task 03.ipynb"
Task03_LauraKinderknecht.ipynb;16888;Laura;Kinderknecht;1;"12.05.2023 13:22";Task03_LauraKinderknecht.ipynb
Task03_Marius_Lange_1002799.ipynb;16113;Marius;Lange;1;"09.05.2023 16:08";Task03_Marius_Lange_1002799.ipynb
Task03[30].ipynb;16712;Lucas;Liess-Duquesne;1;"22.05.2023 10:25";Task03[30].ipynb
Task03_Anna_Joline_Lippold.ipynb;17527;"Anna Joline";Lippold;1;"09.05.2023 10:43";Task03_Anna_Joline_Lippold.ipynb
Task03_Lutter.ipynb;16405;Konstantin;Lutter;1;"12.05.2023 13:47";Task03_Lutter.ipynb
Task02_Updated.ipynb;12744;Razieh;Malihi;1;"22.05.2023 00:00";Task02_Updated.ipynb
Task03[5].ipynb;16786;"Clive Tinashe";Marimo;1;"10.05.2023 15:22";Task03[5].ipynb
Task03[23].ipynb;15807;Periklis;Maskanakis;1;"21.05.2023 13:26";Task03[23].ipynb
Task03[7].ipynb;16600;Hanna;Merkle;1;"11.05.2023 11:18";Task03[7].ipynb
"Task03 (1)[2].ipynb";19223;"Tilbe Nur";Minisker;1;"14.05.2023 14:46";"Task03 (1)[2].ipynb"
Task03[27].ipynb;11735;Gabriella;Mocanu;1;"21.05.2023 23:47";Task03[27].ipynb
Task03[28].ipynb;16592;Lotta;Müller;1;"22.05.2023 10:10";Task03[28].ipynb
Task03.nnazari.ipynb;18262;Niloofar;Nazari;1;"18.05.2023 23:25";Task03.nnazari.ipynb
Task03_julianeidig.ipynb;16668;Julia;Neidig;1;"21.05.2023 20:03";Task03_julianeidig.ipynb
Task03_Parajuli_Saru.ipynb;16843;Saru;Parajuli;1;"20.05.2023 11:29";Task03_Parajuli_Saru.ipynb
Task03_Miguel_Ángel_Prieto-Castellanos.ipynb;16407;"Miguel Angel";"Prieto Castellanos";1;"21.05.2023 13:06";Task03_Miguel_Ángel_Prieto-Castellanos.ipynb
Task03[25].ipynb;17267;Simon;Rebers;1;"21.05.2023 21:00";Task03[25].ipynb
Task03[6].ipynb;16281;Klara;Rohrberg;1;"10.05.2023 21:33";Task03[6].ipynb
Task03_jryglewicz.ipynb;16803;"Jessica Diana";Ryglewicz;1;"20.05.2023 10:24";Task03_jryglewicz.ipynb
Task03_Sazykina.ipynb;17092;Valeriia;Sazykina;1;"16.05.2023 10:09";Task03_Sazykina.ipynb
Task03_sasschaefer[2].ipynb;17169;Saskia;Schäfer;1;"18.05.2023 14:15";Task03_sasschaefer[2].ipynb
Task03[21].ipynb;16942;Sarina;Scheerhorn;1;"19.05.2023 15:08";Task03[21].ipynb
Task03_martschmidt.ipynb;16868;Marten;Schmidt;1;"16.05.2023 22:24";Task03_martschmidt.ipynb
"Task03 (1)[5].ipynb";11816;Yannik;Schneider;1;"22.05.2023 10:32";"Task03 (1)[5].ipynb"
"Task03 (1)[3].ipynb";16064;Lara;Schunck;1;"19.05.2023 18:14";"Task03 (1)[3].ipynb"
Task03[17].ipynb;16855;Leonard;Schwanke;1;"17.05.2023 14:09";Task03[17].ipynb
Task03_JSpeck.ipynb;16764;Jakob;Speck;1;"14.05.2023 22:07";Task03_JSpeck.ipynb
Task03[24].ipynb;16865;Susanne;Stark;1;"21.05.2023 19:52";Task03[24].ipynb
Task03[13].ipynb;17608;Joshua;Stock;1;"12.05.2023 14:51";Task03[13].ipynb
"Task03 (1).ipynb";16919;"Seyed Arman";"Taghizadeh Motlagh";1;"12.05.2023 22:02";"Task03 (1).ipynb"
Task03_LauraTiemann.ipynb;16607;Laura;Tiemann;1;"11.05.2023 13:14";Task03_LauraTiemann.ipynb
Task03[35].ipynb;12495;Claudius;Trebing;1;"22.05.2023 11:58";Task03[35].ipynb
Task03_-3[2].ipynb;17058;Kerli;Tulva;1;"12.05.2023 10:04";Task03_-3[2].ipynb
"Copy of Task03.ipynb";18143;Waldo;Ungerer;1;"16.05.2023 11:26";"Copy of Task03.ipynb"
Task03[20].ipynb;18667;Johannes;Voth;1;"18.05.2023 16:20";Task03[20].ipynb
Task03_MWilczek.ipynb;16057;Meret;Wilczek;1;"16.05.2023 17:07";Task03_MWilczek.ipynb
"Task03 (2).ipynb";12162;Victoria;Williams;1;"20.05.2023 20:48";"Task03 (2).ipynb"
Task03_solution_lawitt.ipynb;16164;Lara-Sophie;Witt;1;"09.05.2023 18:00";Task03_solution_lawitt.ipynb
Task03[11].ipynb;16934;Mahsa;"Zand khaneh shahri";1;"11.05.2023 22:57";Task03[11].ipynb
Task03[12].ipynb;16934;Mahsa;"Zand khaneh shahri";1;"11.05.2023 23:06";Task03[12].ipynb
Zeitouni_03.ipynb;12226;Ribal;Zeitouni;1;"12.05.2023 11:33";Zeitouni_03.ipynb
